codigo,nome,Grupo,subgrupo,item,subitem,peso,1995,1996,1997,1998,1999,2000,2001,2002,2003,2004,2005,2006,2007,2008,2009,2010,2011,2012,2013,2014
0,Índice geral,Índice geral,Índice geral,Índice geral,0,100,22.41,9.56,5.22,1.65,8.94,5.97,7.67,12.53,9.3,7.6,5.69,3.14,4.46,5.9,4.31,5.92,6.5,5.84,5.91,3.33
1,Alimentação e bebidas,Alimentação e bebidas,Alimentação e bebidas,Alimentação e bebidas,0,24.9757,8.41,1.71,1.22,1.95,8.14,3.2,9.63,19.47,7.48,3.86,1.99,1.23,10.79,11.11,3.18,10.39,7.18,9.86,8.48,5.19
2,Habitação,Habitação,Habitação,Habitação,0,14.3612,66.08,24.09,8.51,1.5,6.11,4.48,9.42,12.97,12.32,7.14,6.42,3.08,1.76,5.08,5.67,5,6.75,6.79,3.4,3.17
3,Artigos de residência,Artigos de residência,Artigos de residência,Artigos de residência,0,4.4974,14.74,1.94,-2.86,-0.71,8.1,5.2,5.1,12.97,6.9,5.42,2.71,-2.71,-2.48,1.99,3.04,3.53,0,0.84,7.12,3.2
4,Vestuário,Vestuário,Vestuário,Vestuário,0,6.4855,4.63,-1.62,-0.12,-1.1,4.18,4.14,4.89,8.81,10.21,9.95,7.11,5.07,3.78,7.31,6.11,7.52,8.27,5.79,5.38,1.05
5,Transportes,Transporte e comunicação,Transporte e comunicação,Transporte e comunicação,0,18.7773,17.32,18.08,14.48,0.91,20.59,12.09,8,9.97,7.29,10.99,8.07,3.02,2.08,2.32,2.36,2.41,6.05,0.48,3.29,1.16
6,Saúde e cuidados pessoais,Saúde e cuidados pessoais,Saúde e cuidados pessoais,Saúde e cuidados pessoais,0,11.2172,33.96,13.8,5.92,4.51,8.67,2.64,4.2,10.19,10.03,6.88,6.21,5.99,4.48,5.73,5.35,5.07,6.32,5.95,6.95,3.7
7,Despesas pessoais,Despesas pessoais,Despesas pessoais,Despesas pessoais,0,10.6332,38.99,8.76,3.71,3.08,2.78,5.65,6.93,8.36,9.59,6.84,6.99,7.23,6.53,7.35,8.03,7.37,8.61,10.17,8.39,4.38
11,Alimentação no domicílio,Alimentação e bebidas,Alimentação no domicílio,Alimentação no domicílio,0,16404,4.17,1.46,1.6,2.73,10.25,3.08,9.63,21.58,6.71,2.57,0.59,-0.16,12.39,10.68,0.88,10.7,5.43,10.04,7.64,5.58
12,Alimentação fora do domicílio,Alimentação e bebidas,Alimentação fora do domicílio,Alimentação fora do domicílio,0,8.5717,20.49,2.3,0.29,0.02,1.9,3.62,9.63,12,10.45,8.66,6.89,5.9,7.67,11.99,7.75,9.81,10.49,9.51,10.07,4.46
21,Encargos e manutenção,Habitação,Encargos e manutenção,Habitação,0,10.5545,68.31,27.72,8.07,0.15,2.21,0.45,5.92,6.1,10.19,6.07,6.71,3.71,5.49,6.92,5.02,6.17,8.36,8.3,9.23,3.03
22,Combustíveis e energia,Habitação,Combustíveis. energia,Combustíveis. energia,0,3.8067,54.6,3.79,11.51,10.5,27.5,14.79,17.27,26.91,15.95,8.87,5.96,2.05,-4.46,1.7,6.93,2.77,3.57,3.51,-9.82,3.55
31,Móveis e utensílios,Artigos de residência,Móveis e utensílios,Móveis e utensílios,0,2.3128,22.81,1.91,-0.6,-1.72,5.09,8.24,10.64,12.91,11.82,6.32,3.49,-0.69,0.01,5.57,7.75,6.95,2.97,3.6,8.07,2.92
32,Aparelhos eletroeletrônicos,Artigos de residência,Aparelhos elétricos e não-elétricos,Aparelhos elétricos e não-elétricos,0,1.8211,3.86,1.99,-6.45,1,13.17,3.7,1.21,13.66,3.54,4.75,1.78,-5.35,-4.65,-2.83,-2.97,-1.74,-5.4,-3.11,5.95,3.04
41,Roupas,Vestuário,Roupas,Roupas,0,4.1549,3.1,-1.75,0.81,-0.81,3.17,2.48,3.6,7.88,9.65,11.2,7.29,5.74,2.84,7.49,5.65,6.95,8.33,4.67,5.27,1.17
42,Calçados e acessórios,Vestuário,Calçados e acessórios,Calçados e acessórios,0,1.8926,9.67,-2.88,-2.69,-3.82,1.03,6.98,6.06,9.38,11.69,10,8.96,4.98,6.55,6.87,6.65,8.08,8.04,7.59,5.07,0.62
43,Joias e bijuterias,Vestuário,Joias. relógio de pulso,Joias. relógio de pulso,0,355,4.32,6.73,-0.09,3.47,22.52,7.16,13.15,16.08,6.66,1.37,1.57,0.46,2.61,8.08,11.07,13.94,9.54,10.17,8.83,1.51
44,Tecidos e armarinho,Vestuário,Tecidos e armarinho,Tecidos e armarinho,0,83,2.52,-2.77,-0.2,1.99,12.7,7.63,4.61,7.23,15.08,5.42,0.52,-1.15,-1.24,4.89,2.39,2.67,5.31,4.42,3.98,3.08
51,Transportes,Transporte e comunicação,Transporte,Transporte,0,18.7773,16.99,15.76,9.48,0.78,20.59,12.09,8,9.97,7.29,10.99,8.07,3.02,2.08,2.32,2.36,2.41,6.05,0.48,3.29,1.16
61,Produtos farmacêuticos e óticos,Saúde e cuidados pessoais,Produtos farmacêuticos. óculos e lentes,Produtos farmacêuticos. óculos e lentes,0,3.6532,18.22,17.47,9.63,10.84,14.91,1.24,2.41,11.09,11.49,7.12,6.19,4.99,1.29,4.17,5.68,3.29,4.52,4.12,4.67,3.64
62,Serviços de saúde,Saúde e cuidados pessoais,Atendimento e serviços,Atendimento e serviços,0,4.9044,50.16,15.55,4.81,1.92,3.22,4.08,3.41,7.71,7.56,8.47,8.94,9.13,7.73,6.03,6.42,7.38,8.14,8.14,8.93,3.8
63,Cuidados pessoais,Saúde e cuidados pessoais,Cuidados pessoais,Cuidados pessoais,0,2.6595,20.13,3.9,3.56,2.08,14.08,2.57,10.36,13.85,12.22,3.05,0.31,0.65,2.29,7.32,2.53,2.34,4.59,4.71,6.58,3.59
71,Serviços pessoais,Despesas pessoais,Serviços,Serviços,0,6.4881,53.94,7.73,3.02,2.66,0.93,7.27,5.65,7.53,7.82,5.01,9.54,7.99,7.57,9.66,7.5,9.38,11.04,9.77,9.51,4.51
72,Recreação. fumo e fotografia,Despesas pessoais,Recreação e fumo,Recreação e fumo,0,4.1451,27.45,3.52,1.8,1.47,4.28,3.84,8.41,9.29,11.54,8.8,4.37,6.41,5.39,4.77,8.65,5.04,5.68,10.76,6.7,4.17
1101,Cereais. leguminosas e oleaginosas,Alimentação e bebidas,Alimentação no domicílio,Cereais. leguminosas e oleaginosas,0,0.9371,-0.83,12.35,6.66,37.44,-18.75,-8.98,49.67,32.71,9.66,-8.52,-13.68,3.18,34.44,11.62,-23.25,17.93,-5.21,34.91,-6.24,5.31
1102,Farinhas. féculas e massas,Alimentação e bebidas,Alimentação no domicílio,Farinha. féculas e massas,0,0.7301,31.6,8.41,-6.89,2.91,19.43,1.39,15.76,40.4,9.24,-4.28,-3.61,1.66,9.07,12.52,-3.15,9.08,1.64,17.79,19.17,-4.05
1103,Tubérculos. raízes e legumes,Alimentação e bebidas,Alimentação no domicílio,Tubérculos. raízes e legumes,0,0.8711,-18.01,-2.99,13.31,-13.45,-19.78,14.72,-10.14,4.08,-6.54,8.58,22.58,-30.51,25.8,20.26,20.85,-23.2,15.02,25.81,13.98,31.7
1104,Açúcares e derivados,Alimentação e bebidas,Alimentação no domicílio,Açúcares e derivados,0,0.8252,14.78,-6.56,1.06,-3.45,23.81,21.91,1.43,41.09,-6.95,7.78,4.23,9.83,-13.61,8.53,31.43,15.89,3.74,-0.65,-2.66,2.48
1105,Hortaliças e verduras,Alimentação e bebidas,Alimentação no domicílio,Hortaliças e verduras,0,0.2752,-5.59,-9.59,8.05,-13.68,-3.63,18.06,-6.13,15.08,-2.41,7.67,2.03,3.63,17.03,3.08,17.87,-1.88,11.66,16.76,12.32,23
1106,Frutas,Alimentação e bebidas,Alimentação no domicílio,Frutas,0,1.0176,-16.24,-12.53,-18.52,0.62,-6.83,-8.45,-7.32,-0.5,-6.15,-10.9,-5.4,-1.91,5.8,6.65,9.55,5.86,2.97,11.74,18.96,6.65
1107,Carnes,Alimentação e bebidas,Alimentação no domicílio,Carnes frescas e vísceras,0,2599,-10.25,-1.21,5.27,5.33,25.06,2.57,12.18,14.6,9.38,4.87,0.97,0.7,22.15,24.02,-5.33,29.64,3.6,-0.67,4.57,7.75
1108,Pescados,Alimentação e bebidas,Alimentação no domicílio,Pescado,0,0.3349,11.42,-1.94,3.23,2.68,21.69,4.32,9.85,15.41,9.22,9.25,6.11,4.7,2.24,8.72,8.05,9.35,10.35,11.78,7.25,11.26
1109,Carnes e peixes industrializados,Alimentação e bebidas,Alimentação no domicílio,Carnes e peixes industrializados,0,0.8178,4.76,-3.34,3.23,3.71,16.14,5,10.67,11.72,20.69,4.84,3.86,-3.9,7.5,15.08,-1.24,10.13,5.62,13.47,5.85,5.32
1110,Aves e ovos,Alimentação e bebidas,Alimentação no domicílio,Aves e ovos,0,1.1423,-7.62,12.36,-6.12,0.02,23.36,9.23,4.85,25.28,11.69,-0.26,3.21,-1.58,15.63,8.23,-1.61,10.1,5.38,12.78,7.51,2.68
1111,Leites e derivados,Alimentação e bebidas,Alimentação no domicílio,Leite e derivados,0,2032,9.43,4.55,0.9,0.31,14.16,8.1,1.93,20.22,8.78,7.64,-2.79,0.15,19.79,0.68,-0.45,11.42,8.07,5.73,15.97,2.23
1112,Panificados,Alimentação e bebidas,Alimentação no domicílio,Panificados,0,1.9734,36.46,5.99,-2.41,0.68,11.63,0.65,18.96,31.45,0.72,2.21,2.83,-1.03,7.19,14.78,-0.69,7.12,5.07,8.76,13.49,3.4
1113,Óleos e gorduras,Alimentação e bebidas,Alimentação no domicílio,Óleos e gorduras,0,0.4712,11.03,-0.43,18.43,1.05,4.89,-9.1,33.29,54.94,-0.42,-5.01,-10.9,4.56,12.6,6.24,-2.5,4.33,8.3,19.11,-9.92,6.31
1114,Bebidas e infusões,Alimentação e bebidas,Alimentação no domicílio,Bebidas e infusões,0,1.8276,11.87,-0.83,10.9,-5.72,10.62,1.09,2.96,12.24,12.67,5.52,7.02,2.39,5.5,3.79,6.05,5.82,11.77,10.53,5.24,3.32
1115,Enlatados e conservas,Alimentação e bebidas,Alimentação no domicílio,Enlatados e conservas,0,0.1628,15.76,2.22,-3.26,2,17.64,7.41,7.79,15.04,17.19,10.96,2.98,0.09,1.26,6.69,5.27,0.43,-0.35,12.01,9.94,1.91
1116,Sal e condimentos,Alimentação e bebidas,Alimentação no domicílio,Sal e condimentos,0,0.3869,17.06,5,7.24,5.64,5.35,2.7,8.22,12.05,7.72,7.06,3.1,1,3.19,7.47,8.68,10.23,-0.5,14.61,2.1,4.15
1201,Alimentação fora do domicílio,Alimentação e bebidas,Alimentação fora do domicílio,Alimentação fora do domicílio,0,8.5717,20.49,2.3,0.29,0.02,1.9,3.62,9.63,12,10.45,8.66,6.89,5.9,7.67,11.99,7.75,9.81,10.49,9.51,10.07,4.46
2101,Aluguel e taxas,Habitação,Encargos e manutenção,Habitação,0,7.1895,81.21,31.87,8.83,-0.35,0.55,-0.11,5.38,4.76,9.63,5.84,6.88,4.6,5.19,5.56,5.77,6.3,8.57,8.89,9.88,2.3
2103,Reparos,Habitação,Encargos e manutenção,Reparos,0,2.5162,23.62,4.74,0.97,2.06,14.58,3.62,9.52,13.09,13.53,14.88,7.31,3.13,8.26,10.49,3.72,7.57,8.19,7.84,8.05,4.28
2104,Artigos de limpeza,Habitação,Encargos e manutenção,Artigos de limpeza,0,0.8488,18.94,5.21,4.62,5.3,14.5,5.5,10.08,16.99,13.93,3.74,4.74,-2.29,3,11.44,1.53,2.45,6.94,4.82,7.32,5.57
2201,Combustíveis (domésticos),Habitação,Combustíveis. energia,Combustível de uso doméstico,0,1.1747,29.37,10.52,15.56,31.32,43.01,20.87,15.55,46.02,3.96,6.87,0.43,7.31,0.51,3.32,12.96,2.06,2.56,5.15,6.62,0.66
2202,Energia elétrica residencial,Habitação,Combustíveis. energia,Energia elétrica,0,2.6321,65.12,1.59,10.06,2.68,19.89,12.66,17.92,19.88,21.31,9.64,8.03,0.28,-6.16,1.11,4.68,3.06,3.97,2.93,-15.66,4.85
3101,Mobiliário,Artigos de residência,Móveis e utensílios,Mobiliário,0,1.4822,20.25,3.1,1.38,-1.97,6.15,9.06,11.86,14.9,11.57,5.47,1.61,-2.53,-1.14,4.99,7.5,7.58,1.74,4.77,9.21,2.81
3102,Utensílios e enfeites,Artigos de residência,Móveis e utensílios,Utensílios e enfeites,0,0.5146,27.72,4.5,-1.21,-1.17,3.19,7.69,10.23,8.33,11.29,9.64,9.62,4.2,4.12,8,10.9,6.62,3.25,3.39,6.81,3.38
3103,Cama. mesa e banho,Artigos de residência,Móveis e utensílios,Cama. mesa e banho,0,316,16.19,-8.54,-4.25,-2.86,7.55,5.05,4.89,11.19,14.47,4.6,1.55,-0.61,-1.68,3.86,2.83,4.36,8.96,-1.09,4.95,2.7
3201,Eletrodomésticos e equipamentos,Artigos de residência,Aparelhos elétricos e não-elétricos,Eletrodomésticos e equipamentos,0,1.0689,12.39,5.37,-2.38,4.4,8.74,7.38,0.52,14.33,12.05,9.62,10.33,-0.5,-1.84,0.23,-4.85,4.63,-2.42,0.26,9.05,4.89
3202,TV. som e informática,Artigos de residência,Aparelhos elétricos e não-elétricos,TV e som,0,0.7521,-5.14,-2.24,-11.93,-4.08,19.41,0.49,1.86,13.04,-4.37,-0.57,-8.49,-12.07,-8.83,-7.72,0.28,-12.25,-11.26,-7.12,1.95,0.48
4101,Roupa masculina,Vestuário,Roupas,Roupa de homem,0,1.5031,3.64,-2.41,-0.59,-0.63,5.4,3.5,4.37,8.5,9.7,10.66,7.27,4.74,3.98,4.38,6.38,7.82,9.28,4.29,4.01,0.84
4102,Roupa feminina,Vestuário,Roupas,Roupa de mulher,0,1.9192,0.35,-0.8,2.79,-0.97,0.92,1.59,3.65,8.63,9.67,12.26,7.81,6.98,1.62,10.14,5.04,7.26,6.96,4.89,5.92,0.64
4103,Roupa infantil,Vestuário,Roupas,Roupa de criança,0,0.7326,7.96,-2.41,-0.56,-0.83,3.9,2.53,2.26,5.42,9.54,10.06,6.26,5.06,3.37,7.47,5.68,4.94,9.5,4.92,6.2,3.31
4201,Calçados e acessórios,Vestuário,Calçados e acessórios,Calçados e acessórios,0,1.8926,9.67,-2.88,-2.69,-3.82,1.03,6.98,6.06,9.38,11.69,10,8.96,4.98,6.55,6.87,6.65,8.08,8.04,7.59,5.07,0.62
4301,Joias e bijuterias,Vestuário,Joias. relógio de pulso,Joias. relógio de pulso,0,355,4.32,6.73,-0.09,3.47,22.52,7.16,13.15,16.08,6.66,1.37,1.57,0.46,2.61,8.08,11.07,13.94,9.54,10.17,8.83,1.51
4401,Tecidos e armarinho,Vestuário,Tecidos e armarinho,Tecidos e armarinho,0,83,2.52,-2.77,-0.2,1.99,12.7,7.63,4.61,7.23,15.08,5.42,0.52,-1.15,-1.24,4.89,2.39,2.67,5.31,4.42,3.98,3.08
5101,Transporte público,Transporte e comunicação,Transporte,Transporte público,0,4587,31.73,21.11,11.67,6.43,13.84,7.72,15.84,13.28,18.77,4.68,11.99,6.98,4.21,4.43,6.74,5.85,10.26,7.72,2.29,-2.3
5102,Veículo próprio,Transporte e comunicação,Transporte,Veículo próprio,0,9.1633,13.05,9.52,4.32,-0.55,12.53,6.12,4.68,3.93,3.64,12.68,5.1,0.68,1.94,1.77,-1.06,-0.04,1.58,-2.31,2.31,2.36
5104,Combustíveis (veículos),Transporte e comunicação,Transporte,Combustíveis,0,5027,8.86,21.7,16.31,-4.12,47.62,31.15,4.49,16.14,-1.62,17.87,7.38,2.3,-0.33,0.55,2.61,1.8,7.49,-0.72,6.12,2.21
6101,Produtos farmacêuticos,Saúde e cuidados pessoais,Produtos farmacêuticos. óculos e lentes,Produtos farmacêuticos,0,3.3703,18.95,19.48,11.54,12.46,16.36,0.97,1.69,10.89,11.5,6.95,6,4.6,0.54,3.96,5.83,3.37,4.39,4.11,4.7,3.85
6102,Produtos óticos,Saúde e cuidados pessoais,Produtos farmacêuticos. óculos e lentes,Óculos e Lentes,0,0.2829,15.12,8.79,0.55,2.33,6.03,5.83,14.1,13.99,11.34,9.56,8.84,7.55,6.25,5.47,4.75,2.78,5.36,4.24,4.38,1.13
6201,Serviços médicos e dentários,Saúde e cuidados pessoais,Atendimento e serviços,Atendimento,0,1.1382,53.1,13.94,4.11,1.06,2.09,3.05,2.57,7.47,6.15,5.62,4.64,4.11,7.53,6.2,6.92,8.5,8.9,10.03,10.65,4.48
6202,Serviços laboratoriais e hospitalares,Saúde e cuidados pessoais,Atendimento e serviços,Serviços médicos,0,0.5816,43.79,19.26,6.34,3.75,3.54,0.11,1.25,4.41,5.89,5.48,3.4,3.16,5.45,4.65,5.24,7.97,10.31,6.57,6.77,3.16
6301,Higiene pessoal,Saúde e cuidados pessoais,Cuidados pessoais,Higiene pessoal,0,2.6595,20.13,3.9,3.56,2.08,14.08,2.57,10.36,13.85,12.22,3.05,0.31,0.65,2.29,7.32,2.53,2.34,4.59,4.71,6.58,3.59
7101,Serviços pessoais,Despesas pessoais,Serviços,Serviços pessoais,0,6.4881,53.94,7.73,3.02,2.66,0.93,7.27,5.65,7.53,7.82,5.01,9.54,7.99,7.57,9.66,7.5,9.38,11.04,9.77,9.51,4.51
7201,Recreação,Despesas pessoais,Recreação e fumo,Recreação,0,3.0336,25.26,1.34,-0.24,2.97,6.52,5.38,6.92,7.71,12.49,7.8,6.22,6.22,4.87,4.75,4.65,5.31,5.91,7.32,4.37,3.16
7202,Fumo,Despesas pessoais,Recreação e fumo,Fumo,0,1.0395,35.05,10.55,7.83,-2.64,-2.24,0.14,11.26,13.2,10.66,11.63,0.29,11.27,9.65,6.09,27,4.96,4.76,25.48,15.33,7.2
1101002,Arroz,Alimentação e bebidas,Alimentação no domicílio,Cereais. leguminosas e oleaginosas,1,0.5842,7.41,6.27,14.69,22.25,-13.73,-10.21,43.58,36.69,25.21,-17.14,-21.45,13.6,-1.9,33.95,-13.14,1.07,-5.08,36.67,-4.87,4.21
1101051,Feijão - mulatinho,Alimentação e bebidas,Alimentação no domicílio,Cereais. leguminosas e oleaginosas,1,0.0231,-20.49,38.71,-23.58,98.4,-32.05,-1.3,54.45,43.04,-7.93,8.79,2.19,-5.72,136.1,-12.41,-31.4,36.06,3.75,53.8,-14.05,-4.77
1101052,Feijão - preto,Alimentação e bebidas,Alimentação no domicílio,Cereais. leguminosas e oleaginosas,1,0.0855,-21.49,2.48,52.5,10.92,-31.22,-17.08,162.31,-7.95,-13.32,8.51,11.86,-34.11,39.02,65.48,-44.29,30.08,-11.05,44.2,21.51,4.33
1101053,Feijão - macassar (fradinho),Alimentação e bebidas,Alimentação no domicílio,Cereais. leguminosas e oleaginosas,1,36,51.07,-14.84,10.93,46.42,-41.42,36.33,53.04,1.67,-1.59,6.32,7.09,-21.58,58.47,-17.81,-22.78,70.2,-21,2.39,-0.18,23.68
1101073,Feijão - carioca (rajado),Alimentação e bebidas,Alimentação no domicílio,Cereais. leguminosas e oleaginosas,1,0.2083,-13.34,36.97,-27.85,116.63,-24.72,-6.77,23.47,61.79,-22.69,16.82,-7.72,0.92,144.42,-29.5,-35.85,63.62,-2.74,31.53,-17.32,7.44
1102006,Macarrão,Alimentação e bebidas,Alimentação no domicílio,Farinha. féculas e massas,1,0.2816,26.37,11.64,-4.2,-1.71,17.93,4.68,25.7,38.12,0.6,0.01,-4.38,-3.13,7.58,13.75,-4.52,5.71,2.22,0.25,16.8,3.28
1102008,Fubá de milho,Alimentação e bebidas,Alimentação no domicílio,Farinha. féculas e massas,1,26,5.95,13.3,0.05,2.46,24.05,4.6,6,42.43,9.21,-0.41,-0.76,-2.16,12.48,14.12,-7.69,-3.75,18.08,12.3,3.66,5.89
1102012,Farinha de trigo,Alimentação e bebidas,Alimentação no domicílio,Farinha. féculas e massas,1,0.0925,52.24,3.44,-12.81,3.32,36,-5.45,29.66,75.57,-18.31,-3.39,-6.91,11.32,11.12,9.18,-13.78,16,0.97,7.3,30.16,0.51
1102013,Farinha vitaminada,Alimentação e bebidas,Alimentação no domicílio,Farinha. féculas e massas,1,8,30.93,8.08,-3.55,2.73,12.98,0.82,12.74,14.13,4.09,2.98,10.62,9.32,3.16,8.58,2.8,10.28,5.14,7.13,8.77,4.03
1102023,Farinha de mandioca,Alimentação e bebidas,Alimentação no domicílio,Farinha. féculas e massas,1,0.2029,37.79,5.52,-11.09,11.26,11.16,-4.95,-2.8,54.69,53.82,-20.19,-8.89,11.99,19.79,12.09,2.77,17,-3.67,91.51,25.19,-19.18
1103003,Batata-inglesa,Alimentação e bebidas,Alimentação no domicílio,Tubérculos. raízes e legumes,1,0.3281,-28.33,14.08,39.17,3.04,-25.1,62.31,-19.62,24.74,-14.66,34.63,35.5,-40.23,68.61,-18.23,51.5,-22.32,-7.81,49.98,24.79,30.4
1103004,Inhame,Alimentação e bebidas,Alimentação no domicílio,Tubérculos. raízes e legumes,1,0.0121,26.52,-35.92,-39.48,112.81,-27.5,-15.87,48.02,-14.75,15.37,10.41,75.2,-10.46,-16.56,3.05,19.65,27.66,7.5,30.33,37.28,-4.34
1103005,Mandioca (aipim),Alimentação e bebidas,Alimentação no domicílio,Tubérculos. raízes e legumes,1,0.0132,-12.76,-7.75,7.73,10.2,-8.96,11.45,18.67,-13.68,49.6,-12.09,25.92,-17.31,74.25,19.65,-24.54,7.46,47.04,49.91,-1.72,-2.61
1103017,Abóbora,Alimentação e bebidas,Alimentação no domicílio,Tubérculos. raízes e legumes,1,11,-6.15,36.87,13.42,-6.77,-2.94,10.9,2.94,43.63,-16.83,41.58,-5.94,-8.76,57.96,4.35,-11.83,23.07,16.17,-0.07,18.71,5.54
1103026,Pimentão,Alimentação e bebidas,Alimentação no domicílio,Tubérculos. raízes e legumes,1,0.0082,5.49,-8.86,-2.97,0.8,3.98,6.87,-10.93,20.56,8.99,11.78,25.75,-8.72,-11.9,26.35,8.64,-8.1,27.13,11.16,-1.43,10.71
1103027,Quiabo,Alimentação e bebidas,Alimentação no domicílio,Tubérculos. raízes e legumes,1,0.0035,-14.74,-2.66,-10.02,24.86,31.02,0.27,50.89,-2.03,-4.3,23.77,43.77,-15.67,18.2,36.22,-24.23,32.01,47.05,-30.9,26.17,3.59
1103028,Tomate,Alimentação e bebidas,Alimentação no domicílio,Tubérculos. raízes e legumes,1,0.3016,15.77,-12.76,44.84,-26.63,8.79,10.23,10.69,1.44,15.65,2.58,50,-24.16,-16.13,108.32,-15.99,-17.57,39.42,12.13,14.74,42.75
1103043,Cebola,Alimentação e bebidas,Alimentação no domicílio,Tubérculos. raízes e legumes,1,124,-25.68,30.13,35.34,0.37,-37.91,30.83,29.55,-9.86,3.3,17.67,25.6,-34.08,56.7,14.87,53.8,-44.7,23.33,30.91,-7.9,31.84
1103044,Cenoura,Alimentação e bebidas,Alimentação no domicílio,Tubérculos. raízes e legumes,1,0.0576,11.98,7.7,-1.8,-2.32,-5,26.91,-11.02,15.8,-4.34,18.98,38.03,-15.22,9.95,4.73,44.67,-21.49,2.53,16.27,11.22,21.03
1104003,Açúcar refinado,Alimentação e bebidas,Alimentação no domicílio,Açúcares e derivados,1,0.1108,7.89,-18.86,-3.08,-6.52,31.53,37.21,-8.18,66.23,-17.28,8.78,3.1,15.74,-22.74,13.09,52.99,22,2.78,-3.22,-14.47,-1.54
1104004,Açúcar cristal,Alimentação e bebidas,Alimentação no domicílio,Açúcares e derivados,1,0.2961,14.55,-5.66,5.3,-10.73,33.64,34.51,4.74,51.79,-31.79,19.52,14.29,16.49,-28.69,12.72,63.04,25.29,-1.3,-8.74,-9.39,1.3
1104023,Chocolate em barra e bombom,Alimentação e bebidas,Alimentação no domicílio,Açúcares e derivados,1,0.1261,21.25,9.16,8.31,6.23,10.37,10.58,6.65,24.36,19.05,-0.09,-3.11,-0.07,0.91,5.59,5.33,0.25,0.97,3.71,0.56,3.28
1104032,Sorvete,Alimentação e bebidas,Alimentação no domicílio,Açúcares e derivados,1,0.1269,22.92,7.73,1.58,-0.66,5.5,4.91,4.47,5.27,18.8,12.04,4.62,2.36,7.06,5.07,-1.78,-2.12,16.41,12.88,10.35,7.78
1104060,Doce de frutas em pasta,Alimentação e bebidas,Alimentação no domicílio,Açúcares e derivados,1,0.0043,15.68,6.99,0.67,-0.44,17.26,4.01,11.22,10.13,19.5,2.73,7.54,7.68,11.1,0.62,-0.36,23.52,13.64,16.69,15.43,6.29
1105001,Alface,Alimentação e bebidas,Alimentação no domicílio,Hortaliças e verduras,1,0.1418,-17.17,-10.51,20.45,-18.04,-1.91,19.73,-2.93,23.44,-8.5,18.9,2.1,4.55,24.66,-2.1,24.45,-4.56,10.22,20.06,12.07,24.84
1105004,Coentro,Alimentação e bebidas,Alimentação no domicílio,Hortaliças e verduras,1,0.0114,65.36,9.12,-5.84,14.15,5.47,12.93,9.28,1.4,10.66,-10.67,14.49,-2.3,5.84,9.92,6.93,26.43,8.22,9.23,25.56,6.13
1105005,Couve,Alimentação e bebidas,Alimentação no domicílio,Hortaliças e verduras,1,0.0213,18.32,-1.56,3.58,-6.68,2.04,4.46,0.05,10.14,-2.37,11.71,2.08,3.95,10.87,3.99,11.42,7.18,13.15,9.62,10.6,21.1
1105006,Couve-flor,Alimentação e bebidas,Alimentação no domicílio,Hortaliças e verduras,1,0.0048,-18.6,-9,14.22,-16.54,-6.52,59.53,-8.51,13.85,-5.77,19.02,6.4,0.19,9.74,13.4,10.95,-9.06,7.23,30.85,0.57,24.61
1105010,Repolho,Alimentação e bebidas,Alimentação no domicílio,Hortaliças e verduras,1,37,0.56,-4.33,12.74,-4.54,-1.76,31.29,-9.15,18.09,2.74,14.42,16.78,5.32,14.44,10,10.97,-9.62,23.63,14.71,13.37,35.88
1105012,Cheiro-verde,Alimentação e bebidas,Alimentação no domicílio,Hortaliças e verduras,1,0.0403,22.82,-5.59,-3.74,4.49,0.86,10.77,-3.48,5.08,6.79,2.21,7.59,7.69,5,7.66,10.22,14.77,7.6,16.49,12.51,14.77
1105019,Brócolis,Alimentação e bebidas,Alimentação no domicílio,Hortaliças e verduras,1,0.0185,-6.23,-8.7,15.26,-21.82,-2.43,14.27,-2.43,15.86,3.77,16.82,2.03,2.64,10.06,11.15,18.32,-15.33,12.57,10.43,9,19.34
1106001,Banana-da-terra,Alimentação e bebidas,Alimentação no domicílio,Frutas,1,0.0163,13.85,-28.43,-20.03,25.07,-13.28,-1.14,31.16,4.23,7.42,1.04,16.39,2.48,-9.48,25.74,9.21,3.38,-0.6,12.22,55.4,-9.36
1106003,Abacaxi,Alimentação e bebidas,Alimentação no domicílio,Frutas,1,0.0367,8.81,-24.63,0.94,10.18,-1.94,9.53,9.62,8.58,8.25,16.53,20.65,-14.02,26.95,9.23,13.43,32.73,-16.98,21.3,16.22,7.36
1106005,Banana - d'agua,Alimentação e bebidas,Alimentação no domicílio,Frutas,1,0.1039,9.18,2.46,-17.31,10.78,6.99,10.84,-7.75,9.03,35.82,-5.53,0,24.62,10.23,10.14,1.75,11.93,5.52,7.26,20.39,16.5
1106006,Banana - maçã,Alimentação e bebidas,Alimentação no domicílio,Frutas,1,0.0043,1.07,-30.54,-9.49,34.53,6.44,-0.86,8.24,23.62,8.26,17.94,-6.55,-10.19,32.43,15.57,-7.62,26.15,5.8,-10.98,7.07,-1.83
1106008,Banana - prata,Alimentação e bebidas,Alimentação no domicílio,Frutas,1,0.2075,-1.12,-4.77,-12.13,25.52,3.98,-2.83,5.94,9.2,20.32,-0.37,12.11,12.58,7.89,11.73,5.84,7.06,8.97,11.84,25.1,10.27
1106015,Limão,Alimentação e bebidas,Alimentação no domicílio,Frutas,1,0.0019,-42.82,4.36,-9.59,-16.54,0.94,18.32,-2.61,62.73,-5.65,79.9,-35.68,41.68,-8.75,51.89,7.02,0.12,-29.97,29.56,6.74,-20.86
1106017,Maçã,Alimentação e bebidas,Alimentação no domicílio,Frutas,1,0.1427,-0.73,-3.4,-13.78,1.38,22.48,-12.48,29.29,14.96,2.67,-1.78,11.83,-0.8,-2.56,19.21,-11.13,4.59,10.69,17.36,14.44,-3.95
1106018,Mamão,Alimentação e bebidas,Alimentação no domicílio,Frutas,1,0.0917,12.12,-6.61,13.36,-10.9,10.12,32.34,-7.23,-1.55,7.23,59.82,-10.71,6.19,-1.6,23.7,25.11,-20.19,21.12,15.97,2.04,1.49
1106020,Maracujá,Alimentação e bebidas,Alimentação no domicílio,Frutas,1,0.0072,-12.07,-18.32,36.77,-3.45,-30.31,3.61,34.73,-19.79,15.1,11.05,8.54,-11.17,2.85,26.36,-3.8,16.13,6.74,46.43,1.91,-5.93
1106021,Melancia,Alimentação e bebidas,Alimentação no domicílio,Frutas,1,0.0573,6.36,-22.7,3.16,1.11,1.2,1.9,2.16,30.82,-3.76,9.91,19.72,-12.71,22.35,5.61,6.9,4.58,7.4,14.87,15.05,9.66
1106023,Pera,Alimentação e bebidas,Alimentação no domicílio,Frutas,1,0.0211,-3.82,-5.71,-20.8,19.86,22.56,-3.94,11.03,34.29,20.26,-5.11,-7.3,-1.83,-5.2,22.7,-10.67,-4.48,14.63,12.39,4.45,-13.42
1106027,Tangerina,Alimentação e bebidas,Alimentação no domicílio,Frutas,1,0.0409,26.19,-2.02,-16.31,-9.13,-0.37,21.39,-13.23,49,6.98,8,56.27,26.51,-0.43,-26.88,25.2,4.68,-4.54,38.16,73.04,-1.09
1106028,Uva,Alimentação e bebidas,Alimentação no domicílio,Frutas,1,0.0881,24.52,-1.98,-18.52,-5.83,6.56,5.89,-18.86,27.42,8.06,1.68,19.21,-0.6,14.74,4.26,19.2,-0.05,8.62,5.87,21.5,6.1
1106039,Laranja - pera,Alimentação e bebidas,Alimentação no domicílio,Frutas,1,0.1563,-17.15,2.58,2.56,16.12,-16.25,18.13,45.6,14.98,5.8,-10.47,21.13,12.16,6.96,-1.32,11.89,31.22,-17.68,1.01,21.94,13.14
1107009,Fígado,Alimentação e bebidas,Alimentação no domicílio,Carnes frescas e vísceras,1,0.0234,2.01,-0.95,1.81,15.4,4.87,13.05,14.95,5.49,18.96,-2.85,-6.99,-0.18,5.64,30.25,-3.73,16.37,5.77,-2.93,-0.54,0.45
1107018,Carne de porco,Alimentação e bebidas,Alimentação no domicílio,Carnes frescas e vísceras,1,0.2261,-15.26,-0.14,5.36,-2.76,23.31,-0.08,15.06,4.47,20.61,26.72,-7.76,-11.48,14.39,23,-10.3,19.34,-1.71,8.88,7.14,2.53
1107084,Contrafilé,Alimentação e bebidas,Alimentação no domicílio,Carnes frescas e vísceras,1,351,-8.07,-0.7,4.84,5.36,22.64,2.96,13.79,13.41,8.64,5.56,0.73,3.21,25.08,20.29,-1.91,31.68,3.97,-1.91,5.77,7.62
1107085,Filé-mignon,Alimentação e bebidas,Alimentação no domicílio,Carnes frescas e vísceras,1,0.0502,-3.01,-0.86,-1.8,4.67,33.73,0.63,6.61,18.96,11.55,-1.44,-2.57,-1.99,35.74,1.05,-2.85,69.65,-3.93,-5.57,-2.05,3.93
1107087,Chã de dentro,Alimentação e bebidas,Alimentação no domicílio,Carnes frescas e vísceras,1,0.2732,-10.17,-0.82,2.53,5.53,25.58,1.29,13.32,15.79,8.76,3.7,1.38,4.12,21.22,18.93,-3.22,32.29,4.43,-2.75,6.12,5.91
1107088,Alcatra,Alimentação e bebidas,Alimentação no domicílio,Carnes frescas e vísceras,1,0.4239,-8.44,-0.63,4.64,5.07,23.17,1.53,14.03,12.69,7.41,6.09,3.09,3.75,25.22,18.78,-2.35,33.35,4.92,-2.41,3.28,6.78
1107089,Patinho,Alimentação e bebidas,Alimentação no domicílio,Carnes frescas e vísceras,1,0.1991,-10.27,-2.15,3.64,6.05,27.1,0.95,14.75,15.32,6.71,3.43,2.75,3.71,19.28,21.26,-4.05,33.21,3.37,-1.62,5.68,6.66
1107090,Lagarto redondo,Alimentação e bebidas,Alimentação no domicílio,Carnes frescas e vísceras,1,0.0168,-8.2,-4.3,0.45,8.41,16.73,9.18,8.69,16.31,9.87,4.43,1.41,-0.22,34.83,20.2,-1.13,20.95,8.57,-2.48,1.17,5.33
1107091,Lagarto comum,Alimentação e bebidas,Alimentação no domicílio,Carnes frescas e vísceras,1,0.0609,-12.87,-0.79,1.28,4.46,16.46,-1.23,16.13,16.94,7.42,3.19,2.49,3.28,25.02,19.8,-6.16,31.59,5.58,-2.55,5.76,7.68
1107093,Músculo,Alimentação e bebidas,Alimentação no domicílio,Carnes frescas e vísceras,1,0.1389,-20,-0.33,2.59,6.84,27.51,0.55,13.93,17.39,8.46,3.96,-1.19,2.25,17.01,37.6,-7.5,24.04,5.15,1.15,5.53,6.78
1107094,Pá,Alimentação e bebidas,Alimentação no domicílio,Carnes frescas e vísceras,1,0.1222,-7.64,-2.42,6.16,10.84,21.79,9,7.76,10.95,8.19,2.34,1.29,4.47,23.24,32.46,-7.01,18.97,4.31,1.85,2.18,12.37
1107095,Acém,Alimentação e bebidas,Alimentação no domicílio,Carnes frescas e vísceras,1,284,-11.75,-1.8,6.82,5.17,29.24,2.06,11.02,19.07,8.54,2.02,1.83,-2.43,22.47,33,-9.82,28.39,3.45,0.07,3.93,13.44
1107096,Peito,Alimentação e bebidas,Alimentação no domicílio,Carnes frescas e vísceras,1,32,-5.75,-7.35,3.8,8.11,23.41,1.43,8.44,18.17,10,1.92,-1.17,-1.82,24,34.67,-8.61,23.11,5.61,-0.32,3.98,7.13
1107099,Costela,Alimentação e bebidas,Alimentação no domicílio,Carnes frescas e vísceras,1,0.3829,-12.01,-1.44,14.05,7.16,27.39,9.38,5.9,13.7,10.87,2.25,3.8,0.06,23.11,29.04,-6.4,29.26,3.2,-1.53,3.75,10.09
1108002,Peixe - anchova,Alimentação e bebidas,Alimentação no domicílio,Pescado,1,0.0053,-20.48,16.41,30.91,-6.93,13.27,-1,16.5,12.3,4.21,13.59,4.08,6.02,-11.77,18.04,24.85,-6.23,-4.4,2.8,24.79,6.65
1108004,Peixe - corvina,Alimentação e bebidas,Alimentação no domicílio,Pescado,1,0.0292,7.6,0.26,10.26,2.68,14.61,-3.08,12.22,10.58,8.82,16.68,17.14,-0.16,1.09,14.67,16.58,-2.56,15.42,8.76,10.19,9.49
1108012,Peixe - sardinha,Alimentação e bebidas,Alimentação no domicílio,Pescado,1,0.0133,39.51,-12.31,-6.43,14.06,76.48,3.46,-7.85,29.84,12.13,-4.14,6.2,3.6,-6.91,14.89,-7.04,4.73,19.61,12.5,0.59,5.84
1108013,Camarão,Alimentação e bebidas,Alimentação no domicílio,Pescado,1,0.0518,14.54,-7.23,5.18,-2.76,15.86,4.36,14.93,20.99,8.1,-1,0.43,8.69,-4.9,2.61,5.47,14.14,16,14.15,14.08,13.45
1108015,Peixe - vermelho,Alimentação e bebidas,Alimentação no domicílio,Pescado,1,0.0033,5.38,2.92,-0.03,-7.86,9.44,17.75,20.89,22.69,8.54,9.1,2.82,12.18,2.66,-4.84,0.07,13.11,1.12,16.51,7.54,10.98
1108019,Peixe - cavala,Alimentação e bebidas,Alimentação no domicílio,Pescado,1,0.0069,10.5,-1.13,-5.92,4.23,7.84,19.21,8.55,10.73,0.97,7.93,12.58,9.41,-0.6,12.56,1.41,10.45,12.95,31.83,-2.57,11.91
1108032,Peixe - serra,Alimentação e bebidas,Alimentação no domicílio,Pescado,1,0.0071,-3.1,13.38,4.23,3.96,0.11,17.18,3.78,14.03,8.74,3.85,4.84,4.14,6.67,20.74,-4.41,11.21,5.49,34.33,-11.2,17.44
1108038,Peixe - pescada,Alimentação e bebidas,Alimentação no domicílio,Pescado,1,0.0745,15.05,-2.98,1.26,4.02,11.17,6.49,7.28,13.02,10.32,12.83,5.11,12.54,6.46,5.08,9.12,14.35,12.62,20.72,1.46,15.98
1108045,Caranguejo,Alimentação e bebidas,Alimentação no domicílio,Pescado,1,0.0071,9.98,-6.02,-10.32,4.14,-1.15,3.03,3.71,7.25,20.83,18.06,12.99,12.45,15.39,17.97,13.02,18.33,6.89,26.15,4.01,7.67
1108088,Peixe - dourada,Alimentação e bebidas,Alimentação no domicílio,Pescado,1,0.0217,-15.86,2.68,1.36,-8.66,15.01,4.89,17.74,21.34,7.36,10.34,14.98,0.59,12.96,13.48,12.7,22.37,12.82,8.06,-0.25,12.18
1109002,Presunto,Alimentação e bebidas,Alimentação no domicílio,Carnes e peixes industrializados,1,0.1323,16.02,-5.96,-1.11,-6.51,4.84,7.24,10.25,9.03,41.3,2.62,2.75,-10.66,3.3,8.88,-0.1,7.21,9.9,13.97,8.52,1.34
1109007,Salsicha,Alimentação e bebidas,Alimentação no domicílio,Carnes e peixes industrializados,1,0.1181,16.12,-2.12,6.74,4.36,9.01,8.35,-2.57,19.67,27.05,1.43,2.88,-2.57,6.41,12.96,2.17,9.62,8.55,19.43,11.88,4.8
1109008,Linguiça,Alimentação e bebidas,Alimentação no domicílio,Carnes e peixes industrializados,1,0.3035,3.81,5.44,2.91,4.98,5.86,3.52,5.62,6.89,27.81,6.62,7.01,0.8,6.54,13.17,0.63,6.59,6.53,15.87,3.99,1.6
1109010,Mortadela,Alimentação e bebidas,Alimentação no domicílio,Carnes e peixes industrializados,1,0.0986,22.36,-7.47,1.4,-4.12,12.48,8.41,4.25,13.21,29.79,-2.22,6.57,-5.01,1.31,2.84,-2.82,6.33,7.68,13.97,6.02,1.71
1109056,Carne-seca e de sol,Alimentação e bebidas,Alimentação no domicílio,Carnes e peixes industrializados,1,0.1407,-7.23,-8.35,5.62,9.39,24.1,-0.98,18.16,9.4,7.75,4.11,6.6,-9.66,20.47,35.91,-5.65,25.37,-1.59,2.82,1.17,22.13
1110009,Frango inteiro,Alimentação e bebidas,Alimentação no domicílio,Aves e ovos,1,0.4889,-9.38,10.01,-9.31,0.26,25.9,6.99,3.63,24,13.04,2.81,2.12,0.82,16.17,8.05,-5.18,14.68,1.99,16.93,5.36,-0.75
1110044,Ovo de galinha,Alimentação e bebidas,Alimentação no domicílio,Aves e ovos,1,0.2407,-1.22,20.17,3.62,-0.61,15.31,13.14,4.33,44.96,5.98,-9.73,6.35,-3.69,26.05,8.27,3.77,5.48,9.15,18.77,9.4,13.29
1111004,Leite longa vida,Alimentação e bebidas,Alimentação no domicílio,Leite e derivados,1,0.9968,14.63,8.3,4.18,-1.67,13.85,11.56,0.55,22.73,5.33,9.49,-7.46,3.4,16.87,4.89,-3.45,18.92,7.81,4.7,17.15,0.54
1111009,Leite em pó,Alimentação e bebidas,Alimentação no domicílio,Leite e derivados,1,0.2453,27.85,-3.09,-1.39,-2.68,13.7,5.63,6.4,11.97,11.28,5.81,11.64,-9.3,46.31,-9.96,2.74,6.25,9.53,11.28,20.58,2.56
1111019,Iogurte e bebidas lácteas,Alimentação e bebidas,Alimentação no domicílio,Leite e derivados,1,0.2233,22.82,3.5,3.02,-0.87,3.78,1.83,-0.35,13.32,17.83,3.72,-1.67,-2.36,9.83,-2.09,-2.55,1.93,5.46,3.52,10.38,7.45
1111031,Manteiga,Alimentação e bebidas,Alimentação no domicílio,Leite e derivados,1,0.0211,7.87,1.26,-5.49,13.67,12.06,-3.6,1.18,52.63,2.36,1.16,-1.1,-2.63,6.77,6.77,4.52,-0.29,10.43,3.41,7.97,0.83
1112003,Biscoito,Alimentação e bebidas,Alimentação no domicílio,Panificados,1,0.4869,23.43,6.31,0.83,0.15,15.42,1.05,14.87,20.84,13,1.33,-1.06,-0.68,5.2,7.8,1.05,4.16,5.68,3.35,9.76,2.77
1112015,Pão francês,Alimentação e bebidas,Alimentação no domicílio,Panificados,1,1.1295,40.81,5.86,-3.62,0.94,10.99,0.21,22.06,37.14,-3.48,2.13,4.77,-1.53,7.93,19.35,-1.11,8.55,4.34,11.65,15.11,3.85
1112017,Pão doce,Alimentação e bebidas,Alimentação no domicílio,Panificados,1,0.1053,31.66,8.92,1.06,-1.84,9.34,2.58,12.09,24.26,6.9,4.81,-0.7,-1.84,7.94,11.97,3.24,5.68,8.13,8.01,13.35,1.54
1112018,Pão de forma,Alimentação e bebidas,Alimentação no domicílio,Panificados,1,0.1223,0,0,0,0,-1.49,2.19,14.85,25.54,-2.99,2.34,-1.06,-1.79,5.22,9.13,-0.81,6.28,8.49,9.88,13.66,4.95
1112019,Bolo,Alimentação e bebidas,Alimentação no domicílio,Panificados,1,0.1092,37.88,-12.68,-1.76,13.9,5.29,-0.65,4.87,14.4,3.94,6.04,1.46,3.04,10.4,8.05,-7.8,6.76,4.08,5.57,13.87,1.57
1113013,Óleo de soja,Alimentação e bebidas,Alimentação no domicílio,Óleos e gorduras,1,0.2899,6.01,-0.9,25.52,-1.4,3.14,-14.63,46.38,73.07,-3.88,-11.27,-17.21,15.5,18.95,4.25,-1.52,6.42,6.72,23.57,-17.09,8.43
1113040,Margarina,Alimentação e bebidas,Alimentação no domicílio,Óleos e gorduras,1,0.1565,23.81,0.59,3.28,7.4,9.26,-2.15,20.64,28.35,4.23,0.9,-5.07,-9.24,4.71,11.23,-3.66,1.76,12.77,13.02,2.11,3.34
1114001,Suco de frutas,Alimentação e bebidas,Alimentação no domicílio,Bebidas e infusões,1,0.1578,0,0,0,0,1.43,-2.72,13.26,11.62,8.76,0.82,3.95,-3.06,-1.93,3.22,8.22,3.34,3.41,5.63,2.79,3.47
1114022,Café moído,Alimentação e bebidas,Alimentação no domicílio,Bebidas e infusões,1,0.3415,-6,-11.45,19.73,-13.12,22.61,-5.56,-15.91,15.83,25.43,10.16,8.43,0.6,11.73,3.56,-0.3,2.5,25.11,12.24,-5.45,2.96
1114029,Chá,Alimentação e bebidas,Alimentação no domicílio,Bebidas e infusões,1,0.0554,13.27,-2.9,-0.93,0.42,7.22,11.2,6.64,6.22,12.86,20.26,16.53,5.1,5.63,13.08,9.25,9.13,8.59,23,53.33,5.95
1114083,Refrigerante e água mineral,Alimentação e bebidas,Alimentação no domicílio,Bebidas e infusões,1,0.7154,29.82,7.42,10.33,-0.45,2.98,4.42,5.51,12.1,9.61,6.34,7.88,4.2,4.56,2.5,6.61,8.05,7.62,9.83,7.4,3.21
1114084,Cerveja,Alimentação e bebidas,Alimentação no domicílio,Bebidas e infusões,1,0.3869,28.74,5.48,1.79,-3.42,6.2,-0.05,14.45,12.23,8.42,0.2,4.19,3.98,5.63,4.41,6.29,6.49,13.79,13.55,9.3,1.16
1114085,Outras bebidas alcoólicas,Alimentação e bebidas,Alimentação no domicílio,Bebidas e infusões,1,0.11,12.56,10.63,-6.18,-7.38,13.43,4.64,10.52,7.16,6.92,2.1,4.97,1.55,4.08,6.52,13.1,6.93,4.62,4.68,2.66,3.38
1115006,Ervilha em conserva,Alimentação e bebidas,Alimentação no domicílio,Enlatados e conservas,1,6,6.49,2.56,1.07,6.74,7.45,9.91,8.49,21.88,22.56,5.89,0.97,-4.49,0.68,3.09,-0.77,-1.44,-5.75,20.98,19.76,2.69
1115016,Palmito em conserva,Alimentação e bebidas,Alimentação no domicílio,Enlatados e conservas,1,0.0145,35.93,-4.58,-0.19,-1.62,7.13,7.41,2.21,1.39,9.96,18.24,-10.25,7.6,1.19,1.27,8.48,5.57,4.71,4.27,6.56,1.96
1115039,Sardinha em conserva,Alimentação e bebidas,Alimentação no domicílio,Enlatados e conservas,1,43,14.6,2.29,-6.77,5.69,29.5,6.73,13.55,17.6,23.02,1.22,3.95,2.4,4.07,12.54,13.19,-0.91,2.95,21.15,8.11,-0.05
1115050,Salsicha em conserva,Alimentação e bebidas,Alimentação no domicílio,Enlatados e conservas,1,0.0039,0.15,-5.03,-8.3,18.08,9.2,13.82,2.11,13.57,13.35,0.52,17.51,-7.17,-2.12,31.26,0.99,-2.61,-1.67,3.82,12.18,0.97
1115051,Carne em conserva,Alimentação e bebidas,Alimentação no domicílio,Enlatados e conservas,1,0.0059,-0.72,-8.35,-4.56,8.88,1.85,19.08,3.51,27.34,15.37,2.17,25.44,-1.4,2.05,10.24,0.04,-3.27,0.79,14.72,0.26,3.37
1115056,Sopa desidratada,Alimentação e bebidas,Alimentação no domicílio,Enlatados e conservas,1,0.0096,18.44,6.47,9.45,6.64,19.14,1.8,3.92,10.83,19.1,9.75,6.93,-2.97,0.47,4.7,0.46,4.41,4.13,5.22,10.32,1.04
1115057,Azeitona,Alimentação e bebidas,Alimentação no domicílio,Enlatados e conservas,1,0.0268,23.32,5.56,-6.05,-7.3,20.7,10.62,15.69,15.89,9.4,39.2,1.94,-2.69,-1.66,2.37,2.01,-1.39,-2.82,11.82,9.79,2.73
1115075,Atum em conserva,Alimentação e bebidas,Alimentação no domicílio,Enlatados e conservas,1,0.0177,0,0,0,0,-0.42,-0.3,7.75,13.54,26.09,-0.07,4.27,6.67,1.3,4.76,7.52,1.04,-2.86,5.05,22.62,5.51
1116001,Leite de coco,Alimentação e bebidas,Alimentação no domicílio,Sal e condimentos,1,0.0046,-9.05,25.6,-16.55,-0.4,18.36,-7.47,2.88,22.83,8.23,-0.09,-2.7,5.84,-0.15,7.81,9.81,6.94,-4.86,1.55,22.13,6.04
1116005,Atomatado,Alimentação e bebidas,Alimentação no domicílio,Sal e condimentos,1,0.1497,9.42,7.93,2.82,-0.09,9.12,0.39,3.1,10.75,16.62,6.7,7.37,2.58,4.53,9.61,5.04,6.34,8.08,4.07,8.77,1.25
1116010,Alho,Alimentação e bebidas,Alimentação no domicílio,Sal e condimentos,1,0.0829,31.47,3.69,17.9,19.38,-7.69,2.19,25.55,3.92,-17.81,26.8,-5.55,9.12,-1.53,-5.26,40.66,40.4,-34.55,50.65,-13.99,8.73
1116013,Sal,Alimentação e bebidas,Alimentação no domicílio,Sal e condimentos,1,0.0078,10.43,4.03,6.64,-0.66,1.44,7.51,4.89,19.26,26.92,17.78,8.18,2.53,0.64,39.53,54.96,-3.72,4.19,5.57,0.78,2.25
1116026,Fermento,Alimentação e bebidas,Alimentação no domicílio,Sal e condimentos,1,0.0077,16.28,4.45,6.74,5.6,31.64,13.2,9.4,7.85,9.69,3.93,3.21,-6.19,-0.14,5.5,0.82,5.81,8.81,-2.92,-2.11,2.58
1116033,Maionese,Alimentação e bebidas,Alimentação no domicílio,Sal e condimentos,1,0.0517,18.63,1.46,6.18,4.48,11.43,0.6,5.22,24.39,3.76,-3.57,-4.16,-6.64,2.72,13.39,-1.98,-0.68,12.45,15.55,3.91,7.16
1116041,Vinagre,Alimentação e bebidas,Alimentação no domicílio,Sal e condimentos,1,0.0051,22.11,2.37,1.37,-1,12.98,13.24,14.58,11.8,5.56,2.87,10.33,-0.93,-1.23,4.12,3.59,3.03,6.03,14.39,8.37,4.11
1116048,Caldo concentrado,Alimentação e bebidas,Alimentação no domicílio,Sal e condimentos,1,0.0258,0,0,0,0,0.09,0.75,5.43,5.12,9.62,-2.9,0.14,-3.48,1.73,2.11,-0.64,-0.53,-0.95,4.8,4.29,-1.01
1116071,Tempero misto,Alimentação e bebidas,Alimentação no domicílio,Sal e condimentos,1,0.0516,30.09,4.92,1.52,-2.55,17.9,1.9,-3.98,7.13,13.07,6.72,2.96,3.69,7.55,7.91,7.23,6.66,7.6,6,9.96,5.67
1201001,Refeição,Alimentação e bebidas,Alimentação fora do domicílio,Alimentação fora do domicílio,1,5.0626,17.67,-0.13,-1.19,0.49,2.47,4.4,11.92,11.38,9.58,9.31,7.2,4.58,7.81,14.45,9.05,10.62,10.49,8.59,9.49,4.33
1201003,Lanche,Alimentação e bebidas,Alimentação fora do domicílio,Alimentação fora do domicílio,1,1.9657,23.94,2.57,-1.23,-0.78,0.72,1.43,5.79,10.74,11.11,11.96,7.87,7.16,8.1,10.84,5.26,9.59,9.24,11.23,12.28,4.94
1201005,Café da manhã,Alimentação e bebidas,Alimentação fora do domicílio,Alimentação fora do domicílio,1,0.0995,18.03,5.38,0.72,-0.01,1.7,5.55,5.36,13.33,10.54,7.73,6.68,5.68,11.77,9.19,9.09,6.79,10.62,10.85,12.01,4.39
1201007,Refrigerante e água mineral,Alimentação e bebidas,Alimentação fora do domicílio,Alimentação fora do domicílio,1,0.3679,27.37,8.48,8.58,0.32,0.04,3.87,7.82,13.02,10.17,9.14,4.91,8.06,7.15,7.15,7.38,8.68,11,9.2,9.36,4.64
1201009,Cafezinho,Alimentação e bebidas,Alimentação fora do domicílio,Alimentação fora do domicílio,1,0.0708,25.82,10.87,6.82,2.56,7,4.8,7.91,10.79,12.19,6.28,7.47,5.12,10.12,8.24,10.53,11.23,12.93,8.67,11.78,6.29
1201048,Cerveja,Alimentação e bebidas,Alimentação fora do domicílio,Alimentação fora do domicílio,1,0.6842,26.09,8.35,3.47,-1.74,0.81,1.62,11.98,14.42,11.68,3.65,5.86,7.13,5.6,7.22,7.38,7.74,14.72,12.8,10.52,4.03
1201051,Outras bebidas alcoólicas,Alimentação e bebidas,Alimentação fora do domicílio,Alimentação fora do domicílio,1,0.0669,17.13,3.87,1.76,0.42,5.88,2.65,10.95,12.64,7.96,9.93,7.24,5.25,7.48,8.52,9.63,9.81,7.87,9.23,8.45,3.45
2101001,Aluguel residencial,Habitação,Encargos e manutenção,Habitação,1,4028,94.73,35.39,9.23,-1.02,-2.41,-2.31,1.07,0.29,3.73,1.51,2.55,3.16,4.45,6.92,6.64,7.42,11.01,8.95,12.01,4.28
2101002,Condomínio,Habitação,Encargos e manutenção,Habitação,1,1.6272,45.36,12.06,4.25,2.79,3.88,1.97,8.6,5.99,11.57,8.94,8.9,7.03,6.45,2.59,5.29,7.11,5.4,8.75,8.57,2.76
2101004,Taxa de água e esgoto,Habitação,Encargos e manutenção,Habitação,1,1.5163,32.71,24.08,9.29,2.46,12.78,4.39,15.5,9.47,20.98,10.41,13.38,5.03,4.82,7.11,4.92,3.37,8.3,8.84,5.94,-3.39
2103005,Ferragens,Habitação,Encargos e manutenção,Reparos,1,0.0494,19.64,6.15,1.12,-1.55,11.17,4.12,7.51,11.5,21.55,21.64,9.59,7.81,4.34,11.23,5.24,3.8,-2.78,4.27,4.48,3.88
2103008,Material de eletricidade,Habitação,Encargos e manutenção,Reparos,1,0.0233,26.16,3.48,0.13,-4.25,4.76,4.81,7.37,12.47,14.48,17.33,7.48,13.3,1.94,3.22,-3.83,10.7,10.11,7.7,8.38,3.33
2103009,Material de pintura,Habitação,Encargos e manutenção,Reparos,1,0.0315,25.5,6.18,1.73,4.67,8.47,5.23,7.06,13.29,15.59,12.62,5.07,0.42,2.47,3.28,1.68,-0.26,8.88,10.14,5.26,4.79
2103014,Tinta,Habitação,Encargos e manutenção,Reparos,1,0.2299,27.21,2.74,0.48,4.31,21.41,2.62,12,14.26,7.92,9.92,5.94,-0.48,1.26,7.89,2.5,0.45,10.28,7.33,7.76,3.35
2104005,Água sanitária,Habitação,Encargos e manutenção,Artigos de limpeza,1,54,24.99,0.21,0.88,1.42,7.97,11.51,16.88,10.32,17.3,8.68,8.67,0.75,6.65,10.14,0.51,3.41,6.9,7.17,2.98,5.52
2104008,Detergente,Habitação,Encargos e manutenção,Artigos de limpeza,1,126,35.04,2.36,0,2.68,16.07,2.32,9.77,18.79,11.54,6.19,4.69,-1.93,4.52,4.14,2.65,6.25,6.21,4.5,7.04,5.27
2104009,Sabão em pó,Habitação,Encargos e manutenção,Artigos de limpeza,1,0.3369,13.88,5.97,6.09,7.19,14.58,5.01,14.13,21.14,10.97,0.01,1.02,-4.56,0.27,6.8,0.16,2.35,6.82,4.71,8.93,6.2
2104012,Desinfetante,Habitação,Encargos e manutenção,Artigos de limpeza,1,0.0471,25.26,4.9,3.48,2.54,15.01,1.8,9.66,7.17,13.07,7.64,6.78,-1.41,7.58,3.8,3.66,2.37,3.95,4.48,8.1,2.69
2104013,Inseticida,Habitação,Encargos e manutenção,Artigos de limpeza,1,0.0051,9.79,1,-1.82,7.65,16.77,3.85,1.2,8.43,9.37,4.76,5.91,1.51,7.67,1.2,4.79,3.11,4.84,5.74,-0.32,2.02
2104016,Esponja de limpeza,Habitação,Encargos e manutenção,Artigos de limpeza,1,0.0511,19.42,5.79,10.66,0.12,14.99,8.6,10.41,10.55,10.08,13.87,37.94,-5.08,1.57,3.75,7.91,0.57,-0.14,0.03,3.89,5.1
2104032,Amaciante,Habitação,Encargos e manutenção,Artigos de limpeza,1,0.1306,21.5,4.1,3.35,5.78,8.18,9.15,3.97,8.92,18.16,5.84,7,-0.87,4.66,10.37,3.92,3.13,7.95,7.22,8.28,6.22
2201003,Carvão vegetal,Habitação,Combustíveis. energia,Combustível de uso doméstico,1,0.0072,0,0,0,0,4.33,46.76,13.2,12.13,-1.68,13.9,6.11,5.2,4.91,14.3,-2.69,12.3,11.57,4.88,15.94,6.05
2201004,Gás de botijão,Habitação,Combustíveis. energia,Combustível de uso doméstico,1,1.0934,29.25,11.12,15.99,32.81,44.48,21.02,15.62,48.33,2.91,7.15,0.25,7.5,0.11,2.44,13.74,2.09,1.98,4.87,6.53,0.68
2201005,Gás encanado,Habitação,Combustíveis. energia,Combustível de uso doméstico,1,74,31.11,1.71,8.71,5.55,9.21,15.5,14.79,11.13,28.83,0.89,3.29,4.81,5.76,13.95,4.59,1.48,9.45,9.27,7.02,-0.17
2202003,Energia elétrica residencial,Habitação,Combustíveis. energia,Energia elétrica,1,2.6321,65.12,1.59,10.06,2.68,19.89,12.66,17.92,19.88,21.31,9.64,8.03,0.28,-6.16,1.11,4.68,3.06,3.97,2.93,-15.66,4.85
3101002,Móvel para sala,Artigos de residência,Móveis e utensílios,Mobiliário,1,0.6133,19.36,0.02,-1.34,-3.72,6.93,8.16,17.86,14.92,11.74,4.19,1.39,-1.88,-0.15,6.32,8.85,7.62,0.03,6.1,10.3,1.75
3101003,Móvel para quarto,Artigos de residência,Móveis e utensílios,Mobiliário,1,0.5272,21.77,3.04,0.76,-2.06,2.48,9.27,7.91,12.59,12.6,5.44,1.04,-3.32,-2.58,3.21,9.85,9.24,1.39,4.78,10.08,2.42
3101015,Móvel para copa e cozinha,Artigos de residência,Móveis e utensílios,Mobiliário,1,0.2015,18.82,6.83,7.11,-1.16,6.37,10.67,8.66,14.81,14.79,7.87,2.09,-3.97,-1.31,1.31,4.09,3.8,3.33,4.69,6.98,4.92
3101017,Colchão,Artigos de residência,Móveis e utensílios,Mobiliário,1,0.1268,21.07,10.89,3.98,3.89,18.97,9.23,10.67,27.97,-0.72,6.68,4.64,0.82,0.91,13.54,-1.53,7.2,8.73,-0.4,4.84,6.29
3102005,Tapete,Artigos de residência,Móveis e utensílios,Utensílios e enfeites,1,0.0783,11.07,10.26,-1.1,-4.76,10.23,14.63,8.57,9.35,13.68,12.83,8.96,5.88,4.69,14.94,13.96,11.5,-0.46,3.54,8.19,2.79
3102006,Cortina,Artigos de residência,Móveis e utensílios,Utensílios e enfeites,1,0.0854,24.21,4.22,6.49,-10.38,-11.39,-0.96,13.63,1.04,6.82,10.37,12.55,4.54,2.96,10.99,25.57,2.02,2.67,5.52,4.04,2.27
3102007,Utensílios de metal,Artigos de residência,Móveis e utensílios,Utensílios e enfeites,1,0.0937,15.38,9.33,1.83,0.72,13.41,8.35,9.32,10.3,10.45,11.05,14.18,2.66,4.97,6.07,8.01,3.63,4.44,3.31,10.63,3.8
3102009,Utensílios de vidro e louça,Artigos de residência,Móveis e utensílios,Utensílios e enfeites,1,0.0592,11.5,-3.82,-8.3,-2.07,-1.27,1.87,6.42,4.66,12.33,15.01,6.71,7.29,3.95,6.86,14.48,11.38,2.63,5.08,2.66,0.54
3102010,Utensílios de plástico,Artigos de residência,Móveis e utensílios,Utensílios e enfeites,1,0.0416,32.27,7.66,-7.33,-5.35,-1.77,8,9.89,10.74,12.61,6.79,11.12,5.31,5.55,6.08,1.53,3.89,5.8,1.8,9.96,8.69
3103001,Roupa de cama,Artigos de residência,Móveis e utensílios,Cama. mesa e banho,1,0.2385,16.72,-9.06,-4.54,-2.57,7.18,5.76,5.94,11.13,14.13,3.97,1.74,-0.73,-1.21,5.26,2.73,4.75,4.84,-1.64,5.34,2.94
3103003,Roupa de banho,Artigos de residência,Móveis e utensílios,Cama. mesa e banho,1,0.0775,14.79,-6.79,-3.45,-3.57,8.39,3.34,1.34,11.18,15.79,7.34,0.87,-0.53,-2.81,0.48,3.08,3.37,19.46,0.59,3.75,1.98
3201001,Refrigerador,Artigos de residência,Aparelhos elétricos e não-elétricos,Eletrodomésticos e equipamentos,1,0.4993,14.01,5.94,-2.56,5.13,7.17,7.43,-0.13,17.36,12.71,8.79,12.63,-0.44,-1.61,-0.01,-6.14,8.56,-0.32,-2.28,11.12,8.09
3201002,Ar-condicionado,Artigos de residência,Aparelhos elétricos e não-elétricos,Eletrodomésticos e equipamentos,1,0.0382,16.8,1.1,-5.59,11.54,-2.48,2.05,1.91,14.39,15.6,2.31,2.47,0.89,-2.39,0.95,3.8,4.01,-2.96,3.02,4.09,4.95
3201006,Máquina de lavar roupa,Artigos de residência,Aparelhos elétricos e não-elétricos,Eletrodomésticos e equipamentos,1,0.2215,7.27,3.81,-3.73,6.6,8.15,7.99,-0.45,18.16,10.72,11.99,6.73,-4.65,-5.31,-1.32,-9.16,1.14,-4.54,1.38,3.31,4.21
3201012,Liquidificador,Artigos de residência,Aparelhos elétricos e não-elétricos,Eletrodomésticos e equipamentos,1,3,21.23,5.29,-1.24,-1.04,11.96,-1.47,2.69,11.33,5.7,6.84,4.34,6.88,10.2,-2.44,10.84,7.74,0.03,-3.56,8.73,-2.11
3201013,Ventilador,Artigos de residência,Aparelhos elétricos e não-elétricos,Eletrodomésticos e equipamentos,1,0.0263,3.61,-1.76,-5.91,2.74,16.38,5.46,4.74,11.13,10.98,11.63,9.51,6.58,4.09,2,4.66,5.91,-2.7,4.43,10.28,3.01
3201021,Fogão,Artigos de residência,Aparelhos elétricos e não-elétricos,Eletrodomésticos e equipamentos,1,0.2073,20.18,8.71,-1.43,0.37,10.78,10.74,-0.03,11.59,15.15,9.56,11.42,2.07,0.22,2.6,-1.53,-1.13,-5.2,4.49,10.89,0.02
3202001,Televisor,Artigos de residência,Aparelhos elétricos e não-elétricos,TV e som,1,0.2222,-8.93,-4.15,-19.36,-4.82,25.37,5.51,6.33,21.31,-5.39,0.87,-11.05,-19.27,-9.32,-8.3,1.78,-22.24,-17.66,-13.25,-0.73,-3.57
3202003,Aparelho de som,Artigos de residência,Aparelhos elétricos e não-elétricos,TV e som,1,79,4.62,3.36,3.32,0.64,11,-0.09,2.78,6.53,3.34,0.1,-1.66,-1.05,0,-5.1,3.32,-3.39,-7.79,0.79,-2.97,2.82
3202005,Aparelho de DVD,Artigos de residência,Aparelhos elétricos e não-elétricos,TV e som,1,0.0743,-11.42,-4.85,-23.65,-15.63,27.44,-2.26,-1.23,8.18,-10.34,-8.56,-19.39,-19.03,-16.78,-5.98,3.82,-10.91,-13.33,-4.33,-3.92,3.73
4101002,Calça comprida masculina,Vestuário,Roupas,Roupa de homem,1,0.4622,4.16,-1.77,-0.72,-1.48,4.32,2.26,2.28,6.52,10.29,12.26,7.4,1.72,4.99,4.62,5.35,7.76,10.82,6.47,3.16,1.1
4101004,Terno,Vestuário,Roupas,Roupa de homem,1,0.0615,14.29,-0.5,4.01,-5,0.64,1.93,0.52,3.43,8.75,2.63,8.18,-0.83,2.25,-3.66,5.39,7.97,1.95,3.74,3.41,1.76
4101005,Agasalho masculino,Vestuário,Roupas,Roupa de homem,1,0.0848,4.05,-6.99,-2.72,-1.7,-2.37,5.3,5.86,3.19,11.74,20.02,13.83,10.92,3.65,5.15,6.12,7.55,4.14,2.08,0.33,2.67
4101006,Short e bermuda masculina,Vestuário,Roupas,Roupa de homem,1,0.2367,5.1,-3.17,-0.8,-1.32,7.38,2.4,10.05,7.34,7.68,10.09,6.51,4.16,6.16,2.93,10.39,9.91,11.16,4.48,7.45,-0.3
4101008,Cueca,Vestuário,Roupas,Roupa de homem,1,0.0244,5.59,-6.51,0.07,4.61,2.59,-1.5,2.61,4.96,10.25,8.83,8.14,4.09,3.47,4.74,0.52,7.73,10.81,-0.33,3.86,2.17
4101009,Camisa / camiseta masculina,Vestuário,Roupas,Roupa de homem,1,0.6335,0.09,-2.12,-1.08,1.52,8.1,5.52,4.88,11.41,10.18,9.54,6.74,5.63,2.84,5.43,6.16,7.23,8.78,3.22,3.96,0.7
4102002,Calça comprida feminina,Vestuário,Roupas,Roupa de mulher,1,0.5204,2.54,2.98,6.54,-0.74,3.64,3.59,6,5.08,11.93,11.81,4.13,5.65,1.37,6.97,4.65,6,8.02,7.79,7.44,1.52
4102003,Agasalho feminino,Vestuário,Roupas,Roupa de mulher,1,0.0771,-4.7,-8.76,-9.72,-0.9,-0.87,0.93,0.56,9.34,8.44,14.44,10.43,17.29,7.07,8.04,3.06,14.34,5.39,6.56,-0.53,2.78
4102004,Saia,Vestuário,Roupas,Roupa de mulher,1,25,-4.17,-3.69,5.69,-3.71,-0.17,1.93,3.71,14.58,8.35,11.7,12.96,6.58,0.99,3.31,7.21,7.32,6.28,5.44,6.09,0.25
4102005,Vestido,Vestuário,Roupas,Roupa de mulher,1,0.3352,0.17,-4.64,7.09,-0.74,-2.15,-0.32,3.98,15.61,7.47,13.55,6.6,10.2,-0.62,11.97,6.08,8.26,5.5,4.76,7.04,0.52
4102008,Blusa,Vestuário,Roupas,Roupa de mulher,1,0.7066,-1.18,0.35,-0.47,-0.49,0.9,1.08,1.2,9.46,9.46,12.86,10.73,7.52,2.39,15.39,5.83,8.18,6.36,3.04,4.13,-0.29
4102010,Lingerie,Vestuário,Roupas,Roupa de mulher,1,0.1584,8.68,4.29,-2.73,0.36,5.41,1.85,2.77,6.19,11.2,9.98,6.98,2.48,1.88,3.36,0.05,3.51,8.81,3.9,6.66,1.3
4102013,Bermuda e short feminino,Vestuário,Roupas,Roupa de mulher,1,0.0965,5.63,-5.28,-3.27,2.07,-0.66,-0.7,7.12,6.58,7.87,11.25,7.1,5.32,-1.12,5.49,4.95,8.87,10.07,4.4,11.99,0.39
4103001,Uniforme escolar,Vestuário,Roupas,Roupa de criança,1,0.0251,22.16,2.28,-1.38,-2.61,-0.5,4.01,3.32,8.71,13.32,8.64,5.8,6.29,5.97,6.71,4.73,4.21,7.88,2.91,7.59,6.09
4103002,Calça comprida infantil,Vestuário,Roupas,Roupa de criança,1,136,3.4,-3.44,-4.78,-1.77,6.56,4.49,2.34,6.52,11.89,11.43,7.88,2.93,3.73,8.12,3.12,6.42,11.85,4.73,6.75,5.19
4103005,Agasalho infantil,Vestuário,Roupas,Roupa de criança,1,0.0456,0,-2.97,-4.29,-0.77,0.27,2.33,4.6,0.52,10.8,12.49,14.42,11.73,4.08,18.15,13.99,-0.93,4.84,9.36,4.14,3.84
4103007,Vestido infantil,Vestuário,Roupas,Roupa de criança,1,0.0769,-4.71,-6.34,-0.01,-2.15,-0.38,-2.46,1.28,6.21,12.03,13.22,3.39,6.25,2.12,10.96,6.81,10.34,17.32,1.22,4.8,5.27
4103008,Bermuda e short infantil,Vestuário,Roupas,Roupa de criança,1,0.1134,6.54,-2.47,0.84,2.58,4.73,3.69,4.62,6.36,7.92,10.31,3.12,-0.36,5.53,5.3,5.26,10.15,9.24,3.35,6.38,1.61
4103011,Camisa / camiseta infantil,Vestuário,Roupas,Roupa de criança,1,0.2903,4.91,-2.43,1.87,-1.03,5.29,-2.58,0.27,6.32,9.13,11.06,7.48,4.29,6.48,10.4,4.51,6.44,11.7,6.42,6.77,2.63
4201002,Sapato masculino,Vestuário,Calçados e acessórios,Calçados e acessórios,1,0.2108,5.41,-0.18,-1.55,-6.3,2.16,9,10.25,9.47,11.97,7.97,5.37,4.39,2.59,3.82,3.07,4.89,5.64,8.29,6.34,0.63
4201003,Sapato feminino,Vestuário,Calçados e acessórios,Calçados e acessórios,1,0.3426,9.22,-7.79,-2.7,-4.66,1.74,9.92,4.69,12.12,11.61,8.79,8.85,5.04,8.28,8.53,7.26,6.74,15.25,9.85,1.44,1.48
4201004,Sapato infantil,Vestuário,Calçados e acessórios,Calçados e acessórios,1,0.0135,8.02,-3.19,-2.1,0.98,-1.94,4.53,4.06,5.14,6.79,6.47,11.73,8.09,-0.73,10.12,2.08,6.5,11.88,4.01,10.18,0.79
4201007,Sandália / chinelo feminino,Vestuário,Calçados e acessórios,Calçados e acessórios,1,0.3868,6.91,0.75,-4.68,-4.59,-0.49,3.21,6.67,11.22,9.72,9.17,10.64,5.37,3.51,5.84,5.51,11.07,12.73,11.48,5.29,-1.78
4201015,Bolsa,Vestuário,Calçados e acessórios,Calçados e acessórios,1,0.2082,6.8,-4.6,-7.94,-0.52,5.43,3.51,5.13,11.11,11.15,9.89,6.66,7.87,11.73,13.43,5.47,6.56,4.04,5.63,12.2,-0.32
4201063,Tênis,Vestuário,Calçados e acessórios,Calçados e acessórios,1,0.6773,13.27,-3.88,-1.13,-3.96,-0.45,6.9,5.1,7.56,11.92,12.15,10.65,3.74,8.71,5.94,9.18,8.49,4.59,5.19,4.19,1.89
4301002,Joia,Vestuário,Joias. relógio de pulso,Joias. relógio de pulso,1,0.1697,3.41,10.68,-0.89,1.9,27.48,5,16.73,28.22,7.93,-1.37,0.9,5.39,1.06,12.52,19.83,22.94,20.77,14.68,9.52,0.18
4301004,Relógio de pulso,Vestuário,Joias. relógio de pulso,Joias. relógio de pulso,1,0.0154,5.66,1.06,1.18,5.91,16.62,6.21,14.67,18.72,12.95,4.43,3.27,0.86,5.62,2.74,4.25,3.86,5.08,1.04,17.96,2.26
4401001,Tecido,Vestuário,Tecidos e armarinho,Tecidos e armarinho,1,0.0514,-0.02,-3.9,0.31,1.78,14.06,8.75,4.41,7.99,16.72,6.21,0.2,-1.54,-2.2,4.48,1.95,1.9,5.34,4.15,5.36,2.2
4401002,Artigos de armarinho,Vestuário,Tecidos e armarinho,Tecidos e armarinho,1,0.0166,15.74,2.32,-2.34,2.92,5.58,2.42,7.52,3.4,9.79,3.14,2.59,1.13,1.6,6.08,3.63,4.79,5.25,5.96,5,3.46
5101001,Ônibus urbano,Transporte e comunicação,Transporte,Transporte público,1,2.4862,32.48,21.58,12.91,8.64,14.87,7.87,15.49,12.06,20.95,4.74,10.44,8.11,4.68,3.08,5.33,7.55,8.44,5.26,0.02,2.87
5101002,Táxi,Transporte e comunicação,Transporte,Transporte público,1,0.3744,43.24,15.29,5.45,2.88,11.5,4.65,11.33,5.59,14.78,4.24,3.99,9.17,3.09,3.19,3.09,3.86,9.55,4.42,2.55,5.23
5101006,Ônibus intermunicipal,Transporte e comunicação,Transporte,Transporte público,1,0.7083,29.16,23.35,12.49,1.58,12.96,7.08,16.44,7.8,18.95,4.84,12.35,8.87,4.19,5.66,6.21,4.78,5.9,6.35,3.5,3.59
5101010,Passagem aérea,Transporte e comunicação,Transporte,Transporte público,1,0.5408,-0.72,18.82,4.38,3.91,16.57,17.92,27.04,54.65,7.18,6.04,28.13,-9.64,3.14,12.17,31.88,3.17,52.91,26,7.42,-34.54
5101011,Metrô,Transporte e comunicação,Transporte,Transporte público,1,0.0636,32.69,35.29,21.96,0,9.86,2,13.59,1.22,18.53,0.48,16.03,7.94,2.06,4.36,5.63,2.79,8.76,3.39,0.01,0.88
5101026,Transporte escolar,Transporte e comunicação,Transporte,Transporte público,1,0.0973,48.57,16.38,5.06,2.32,3.75,2.7,0.81,11.15,7.68,5.86,10.12,4.38,1.44,4.61,8.45,7.85,3.28,4.71,9.5,6.34
5102001,Automóvel novo,Transporte e comunicação,Transporte,Veículo próprio,1,3.1555,7.45,8.6,3.79,-6.01,22.79,3.94,2.42,0.46,1.02,13.65,3.22,0.93,1.74,-2.25,-3.62,-1.03,-2.88,-5.71,3.52,2.91
5102004,Emplacamento e licença,Transporte e comunicação,Transporte,Veículo próprio,1,0.9212,58.37,-13.51,-8.1,-2.94,-14,-4.84,3.68,-7.22,4.6,10.54,16.21,1.18,8.53,4.74,4.38,-9.51,3.98,1.29,-3.39,1.1
5102005,Seguro voluntário de veículo,Transporte e comunicação,Transporte,Veículo próprio,1,0.3114,-2.34,-11.86,-2.39,2.19,7.33,9.86,6.88,9.52,3.07,24.28,22.65,1.51,-14.93,6.16,-4.25,-3.53,-0.91,7.78,-0.5,3.03
5102007,Óleo lubrificante,Transporte e comunicação,Transporte,Veículo próprio,1,0.1025,12.77,2.33,4.19,2.94,12.01,7.58,5.83,16.21,16.34,9.48,6.85,12,4.55,20.34,9.93,1.28,5.16,4.58,2.33,3.61
5102009,Acessórios e peças,Transporte e comunicação,Transporte,Veículo próprio,1,0.3743,22.96,8.87,4.82,-1.22,16.07,4.09,3.5,7.41,7.61,19.5,3.97,1.67,4.53,8.52,2.25,3.66,3.13,3.67,4.09,0.57
5102010,Pneu,Transporte e comunicação,Transporte,Veículo próprio,1,0.2223,8.81,7.42,3.19,-0.33,14.05,3.96,13.57,25.47,20.52,18.02,2.64,-1.91,-2.24,10.6,1.14,3.52,2.82,2.55,4.18,1.22
5102011,Conserto de automóvel,Transporte e comunicação,Transporte,Veículo próprio,1,1.7179,35.24,14.52,7.15,1.71,4.86,3.11,7.38,5.46,8.57,10.52,4.76,5.11,6.2,9.24,8.28,6.57,10.38,5,7.03,4.25
5102013,Estacionamento,Transporte e comunicação,Transporte,Veículo próprio,1,0.1076,49.17,19.74,5.73,0.55,-0.96,2.28,2.54,2.64,2.76,-2.37,5.55,8.01,6.78,7.56,9.54,10.65,13.96,9.11,13.75,3.44
5102019,Lubrificação e lavagem,Transporte e comunicação,Transporte,Veículo próprio,1,0.0432,39.92,4.07,1.84,0.88,2.58,3.44,3.56,3.94,4.01,2.04,7.13,4.91,8.32,7.07,11.74,15.82,10.58,7.29,10.09,2.43
5102020,Automóvel usado,Transporte e comunicação,Transporte,Veículo próprio,1,1315,-21.27,13.51,3.62,-1.51,16.44,13.33,5.76,6.17,1.08,12.37,4.66,-3.25,0.09,-4.32,-11.9,-2.01,-3.71,-10.68,-2.42,1.13
5102053,Motocicleta,Transporte e comunicação,Transporte,Veículo próprio,1,0.6858,5.02,-1.34,0,0,10.44,8.9,5.05,7.11,3.29,6.4,4.07,1.13,-0.53,-2.55,-2.12,-1.41,-2.09,-2.59,1,0.46
5104001,Gasolina,Transporte e comunicação,Transporte,Combustíveis,1,3.8542,7.62,21.35,16.29,-0.3,51.99,30.75,7.21,12.09,1.24,14.64,7.76,2.94,-0.69,-0.27,2.06,1.67,6.92,-0.41,6.53,1.39
5104002,Etanol,Transporte e comunicação,Transporte,Combustíveis,1,0.9201,12.37,22.65,16.35,-14.38,38.15,32.91,-6.45,31.51,-12.59,31.58,5.64,-5.1,2.55,1.06,14.98,4.36,15.75,-3.84,3.62,5.65
6101001,Anti-infeccioso e antibiótico,Saúde e cuidados pessoais,Produtos farmacêuticos. óculos e lentes,Produtos farmacêuticos,1,0.2318,18.32,14.39,10.77,12.39,14.38,-1.06,-0.17,9.14,9.27,6.3,5.56,4.48,-1.54,4.97,4.84,4.2,5.26,5.45,5.16,4.34
6101002,Analgésico e antitérmico,Saúde e cuidados pessoais,Produtos farmacêuticos. óculos e lentes,Produtos farmacêuticos,1,0.4136,21.46,21.72,13.13,11.49,16.35,2.52,8.58,12.47,17.27,11.33,9.17,8.89,3.96,4.97,5.25,5.22,6.18,5.89,5.33,4.59
6101004,Antigripal e antitussígeno,Saúde e cuidados pessoais,Produtos farmacêuticos. óculos e lentes,Produtos farmacêuticos,1,0.1906,19.04,20.23,13.03,13.5,17.91,1.99,4.69,11.07,10.09,9.11,7.92,7.86,5.79,6.83,7.65,3.06,4.71,2.64,6.12,3.64
6101006,Dermatológico,Saúde e cuidados pessoais,Produtos farmacêuticos. óculos e lentes,Produtos farmacêuticos,1,0.1086,18.99,18.75,10.67,26.32,18.16,-1.87,3.35,10.19,10.11,3.45,6.11,4.01,0,3.48,6.68,3.74,4.89,2.43,4.46,3.89
6101007,Antialérgico e broncodilatador,Saúde e cuidados pessoais,Produtos farmacêuticos. óculos e lentes,Produtos farmacêuticos,1,0.1847,20.67,24.89,7.4,14.43,14.28,-0.21,0.77,10.82,10.39,4.07,7.12,3.67,0.96,-1.47,6,4.38,4.21,4.35,4.88,4.94
6101009,Gastroprotetor,Saúde e cuidados pessoais,Produtos farmacêuticos. óculos e lentes,Produtos farmacêuticos,1,0.1933,18.04,19.91,12.59,10.77,15.35,1.22,4.3,12.67,12.33,4.02,6.9,3.41,-0.15,2.93,5.74,2.19,4.94,4.23,4.34,3.62
6101010,Vitamina e fortificante,Saúde e cuidados pessoais,Produtos farmacêuticos. óculos e lentes,Produtos farmacêuticos,1,0.2024,19.01,21.23,11.1,8.65,13.51,-1.04,5.61,12.74,13.72,8.45,6.71,4.55,-0.16,4.92,6.42,4.01,3.02,3.62,4.78,3
6101011,Hormônio,Saúde e cuidados pessoais,Produtos farmacêuticos. óculos e lentes,Produtos farmacêuticos,1,0.3806,0,0,0,0,2.26,-3.27,3.63,10.11,7.3,6.21,4.57,3.51,-0.81,4.55,6.94,3,4.39,0.69,2.24,1.31
6101013,Psicotrópico e anorexígeno,Saúde e cuidados pessoais,Produtos farmacêuticos. óculos e lentes,Produtos farmacêuticos,1,0.3836,19.71,32.09,16.34,18.11,13.83,2.84,-1.51,10.98,10.71,5.42,3.19,3.8,0.22,4.57,4.66,4.7,4.22,5.52,6.68,3.64
6101014,Hipotensor e hipocolesterolêmico,Saúde e cuidados pessoais,Produtos farmacêuticos. óculos e lentes,Produtos farmacêuticos,1,0.6849,18.62,11.06,8.37,11.6,21.75,-1.25,1.26,8.87,11.31,6.67,4.04,3.44,-0.65,3.09,6.1,0.56,3.38,4.04,4.75,4.29
6201002,Médico,Saúde e cuidados pessoais,Atendimento e serviços,Atendimento,1,0.4777,51.34,18.91,7.94,3.06,2.42,3.77,3.79,5.41,7.21,7.55,8.18,3.95,8.52,6.57,8.26,10.79,8.81,11.11,11.77,5.78
6201003,Dentista,Saúde e cuidados pessoais,Atendimento e serviços,Atendimento,1,459,52.72,11.8,2.86,0.1,2.01,3.03,2.33,8.69,6.22,5.05,3.44,4.82,7.75,5.67,6.74,8.03,9.03,8.36,9.74,3.27
6201005,Aparelho ortodôntico,Saúde e cuidados pessoais,Atendimento e serviços,Atendimento,1,0.0566,54.33,10.42,-0.08,0.86,0.38,2.99,1.68,5.37,5.51,6.8,4.99,3.71,6.04,6.78,5.94,7.06,9.16,9.84,8.32,4.87
6202003,Exame de laboratório,Saúde e cuidados pessoais,Atendimento e serviços,Serviços médicos,1,0.1076,29.23,13.38,2.81,0.86,-1.74,1.49,0.48,4.38,2.99,2.86,2.06,0.59,1.41,1.07,2.54,3.09,2.99,4.63,4.39,2.2
6202004,Hospitalização e cirurgia,Saúde e cuidados pessoais,Atendimento e serviços,Serviços médicos,1,0.3699,42.6,15.25,4.55,1.14,1.85,-0.15,1.46,4.54,6.65,6.03,3.59,3.93,6.35,5.26,6.39,8.81,11.63,7.11,7.8,3.37
6301001,Produto para cabelo,Saúde e cuidados pessoais,Cuidados pessoais,Higiene pessoal,1,0.2798,8.07,3.51,0.77,-0.96,12.67,8.06,10.98,12.7,12.53,0.62,2.09,-2.92,-1.15,6.51,0.86,3.46,7.9,7.54,6.92,2.3
6301006,Produto para pele,Saúde e cuidados pessoais,Cuidados pessoais,Higiene pessoal,1,0.3696,16.3,9.37,5.96,-0.65,9.6,-7.43,8.38,4.58,11.41,5.43,1.23,-1.39,6.09,5.73,0.56,-0.2,1.7,1.01,6,3.28
6301007,Produto para higiene bucal,Saúde e cuidados pessoais,Cuidados pessoais,Higiene pessoal,1,0.1818,6.25,2.97,1.19,3.4,14.12,0.04,13.47,12.14,10.64,1.36,2.01,-1.04,1.05,4.26,4.41,3.19,5.24,8.13,2.61,3.91
6301014,Desodorante,Saúde e cuidados pessoais,Cuidados pessoais,Higiene pessoal,1,104,19.45,4.44,5.79,5.56,7.95,13.83,10.58,13.22,16.5,4.09,1.57,2.34,5.99,10.3,3.97,-0.53,2.93,11.72,8.85,3.24
6301015,Absorvente higiênico,Saúde e cuidados pessoais,Cuidados pessoais,Higiene pessoal,1,0.0103,0,0,0,0,3.96,2.86,4.25,3.74,7.88,4.16,6.24,-0.01,-0.32,-1.35,8.92,2.15,0.95,0.6,8.33,2.99
6301016,Sabonete,Saúde e cuidados pessoais,Cuidados pessoais,Higiene pessoal,1,158,9.14,2.85,6.09,2.89,14.72,6.05,9.92,16.7,26.19,0.72,-4.67,-5.39,3.34,24.38,2.64,0.28,10.85,7.79,1.84,3.97
6301017,Papel higiênico,Saúde e cuidados pessoais,Cuidados pessoais,Higiene pessoal,1,0.2096,43.75,-4.37,-4.96,-2.6,50.27,4.63,25.56,13.65,7.87,2.61,-8.29,1.04,2.87,7.92,1.88,6.86,6.91,8.89,3.19,5.41
6301020,Artigos de maquiagem,Saúde e cuidados pessoais,Cuidados pessoais,Higiene pessoal,1,0.1422,14.25,7.17,3.52,0,14.06,12.32,2.65,12.36,3.51,5.7,6.3,6.58,3.95,9.18,0.68,1.93,3.28,9.23,6.05,2.72
7101001,Costureira,Despesas pessoais,Serviços,Serviços pessoais,1,0.0482,46.58,3.79,1.48,1.23,0.78,4.15,0.49,6.54,4.48,5.35,6.67,2.6,4.75,12.15,11.79,11.78,10.67,7.42,7.03,1.57
7101009,Cabeleireiro,Despesas pessoais,Serviços,Serviços pessoais,1,1.2726,63.93,4.94,1.12,-1.37,-1.96,-0.04,2.29,5.68,3.06,6.99,6.97,5.08,7.53,6.79,7.84,8.16,9.88,6.8,8.05,3.61
7101010,Empregado doméstico,Despesas pessoais,Serviços,Serviços pessoais,1,3.9918,42.86,12,7.14,8.33,4.62,11.03,8.1,8.65,8.55,4.52,11.52,10.73,9.51,11.04,8.73,11.82,11.37,12.73,11.26,5.22
7201001,Cinema,Despesas pessoais,Recreação e fumo,Recreação,1,0.1885,57.13,5.1,10.19,4.55,2.36,3.56,3.99,7.12,12.09,6.97,9.44,6.88,5.33,0.69,5.61,7.76,8.45,9.19,6.84,4.21
7201003,Ingresso para jogo,Despesas pessoais,Recreação e fumo,Recreação,1,0.0138,81.93,24.52,7.52,-1.68,8.76,4.65,7.99,8.77,12.12,9.3,7.03,5.9,7.8,40.12,2.8,31.08,8.64,-1.76,-5.32,13.24
7201006,Clube,Despesas pessoais,Recreação e fumo,Recreação,1,0.1582,53.17,19.59,7.61,5.42,5.27,6.68,9.48,5.63,12.31,7.76,8.42,6.42,7.62,3.84,8.54,8.33,9.67,6.37,12.32,1.48
7201019,Bicicleta,Despesas pessoais,Recreação e fumo,Recreação,1,0.0989,8.69,-0.21,-5.13,0.04,8.34,3.56,3,12.42,11.03,8.05,8.26,4.84,3.2,3.62,6.3,1.67,2.19,8.68,3.52,3.53
7201020,Alimento para animais,Despesas pessoais,Recreação e fumo,Recreação,1,0.2517,0,0,0,0,2.69,7.24,10.64,10.41,17.77,15.04,7.36,10.52,7.25,14.39,3.67,1.49,1.67,4.16,8.68,3.03
7201023,Brinquedo,Despesas pessoais,Recreação e fumo,Recreação,1,0.4357,23.03,-9.5,-7.69,3.85,3.64,4.84,10.45,12.19,14.98,7.4,5.25,7.98,7.88,0.15,5.08,4.33,4.04,7.48,1.49,3.73
7201052,Locação de DVD,Despesas pessoais,Recreação e fumo,Recreação,1,0.1284,7.29,3.71,-3.58,-8.62,10.51,1.89,5.62,9.62,8.02,5.72,4.96,3.8,0.74,1.67,1.81,7.04,5.88,6.03,3.53,0.17
7201068,Motel,Despesas pessoais,Recreação e fumo,Recreação,1,0.0036,29.47,1.82,0.47,1.71,1.58,1.6,11.22,5.1,9.17,6.47,6.7,1.88,8.78,6.97,12.04,13.86,2.72,10.26,-8.74,2.42
7201090,Hotel,Despesas pessoais,Recreação e fumo,Recreação,1,0.4279,29.62,3.44,1.43,5.95,8.97,12.85,2.06,5.56,7.72,9.27,2.06,9.12,6.67,12.81,8.26,11.31,17.19,9.39,10.81,6.7
7201095,Excursão,Despesas pessoais,Recreação e fumo,Recreação,1,0.3716,19.82,9.84,10.46,5.02,4.17,14.89,14.92,15.03,11,26.28,14.6,15.06,6.5,16.52,-2.27,13.05,1.15,15.25,-4.32,-3.51
7202041,Cigarro,Despesas pessoais,Recreação e fumo,Fumo,1,1.0395,35.05,10.55,7.83,-2.64,-2.24,0.14,11.26,13.2,10.66,11.63,0.29,11.27,9.65,6.09,27,4.96,4.76,25.48,15.33,7.2
